[
    {
        "name": "Australia",
        "code": "au",
        "first date": "15-10-2023",
        "currency": "AUD",
        "currency symbol": "$",
        "regions": {
            "Australian Capital Territory":  "ACT",
            "Jervis Bay Territory": "JBT",
            "New South Wales": "NSW",
            "Northern Territory": "NT",
            "Queensland": "QLD",
            "South Australia": "SA",
            "Tasmania": "TAS",
            "Victoria": "VIC",
            "Western Australia": "WA"
        }
    },
    {
        "name": "Brazil",
        "code": "br",
        "first date": "15-10-2023",
        "currency": "BRL",
        "currency symbol": "R$",
        "regions": {
            "Acre (state)":"AC",
            "Alagoas":"AL",
            "Amapá":"AP",
            "Amazonas":"AM",
            "Bahia":"BA",
            "Ceará":"CE",
            "Distrito Federal":"DF",
            "Espírito Santo":"ES",
            "Goiás":"GO",
            "Maranhão":"MA",
            "Mato Grosso":"MT",
            "Mato Grosso do Sul":"MS",
            "Minas Gerais":"MG",
            "Pará":"PA",
            "Paraíba":"PB",
            "Paraná":"PR",
            "Pernambuco":"PE",
            "Piauí":"PI",
            "Rio de Janeiro (state)":"RJ",
            "Rio Grande do Norte":"RN",
            "Rio Grande do Sul":"RS",
            "Rondônia":"RO",
            "Roraima":"RR",
            "Santa Catarina":"SC",
            "São Paulo (state)":"SP",
            "Sergipe":"SE",
            "Tocantins":"TO"
        }

    },
    {
        "name": "Canada",
        "code": "ca",
        "first date": "15-10-2023",
        "currency symbol": "$",
        "currency": "CAD",
        "regions": {
            "Ontario": "ON",
            "Prince Edward Island": "PE",
            "Nova Scotia": "NS",
            "Quebec": "QC",
            "Alberta": "AB",
            "British Columbia": "BC",
            "Manitoba": "MB",
            "Saskatchewan": "SK",
            "New Brunswick": "NB",
            "Newfoundland and Labrador": "NL",
            "Northwest Territories": "NT",
            "Nunavut": "NU",
            "Yukon": "YT"
        }
    },
    {
        "name": "Denmark",
        "code": "dk",
        "first date": "15-10-2023",
        "currency": "DKK",
        "currency symbol": "Kr.",
        "regions": {}
    }, 
    {
        "name": "Germany",
        "code": "de",
        "first date": "15-10-2023",
        "currency": "EUR",
        "currency symbol": "€",
        "regions": {
            "Baden-Württemberg":"Baden-Württemberg",
            "Bavaria":"Bavaria",
            "Berlin":"Berlin",
            "Brandenburg":"Brandenburg",
            "Bremen":"Bremen",
            "Hamburg":"Hamburg",
            "Hesse":"Hesse",
            "Mecklenburg-Vorpommern":"Mecklenburg-Vorpommern",
            "Lower Saxony":"Lower_Saxony",
            "North Rhine-Westphalia":"North Rhine-Westphalia",
            "Rhineland-Palatinate":"Rhineland-Palatinate",
            "Saarland":"Saarland",
            "Saxony":"Saxony",
            "Saxony-Anhalt":"Saxony-Anhalt",
            "Schleswig-Holstein":"Schleswig-Holstein",
            "Thuringia":"Thuringia"
        }
    }, 
    {
        "name": "India",
        "code": "in",
        "first date": "15-10-2023",
        "currency": "INR",
        "currency symbol": "₹",
        "regions": {}
    },
    {
        "name": "Spain",
        "code": "es",
        "first date": "15-10-2023",
        "currency": "EUR",
        "currency symbol": "€",
        "regions": {}
    },
    {
        "name": "United Kingdom",
        "code": "gb",
        "first date": "15-10-2023",
        "currency": "GBP",
        "currency symbol": "£",
        "regions": {
            "England": "England",
            "Scotland": "Scotland",
            "Wales": "Wales",
            "Northern Ireland": "Northern Ireland"
        }
    },
    {
        "name": "United States",
        "code": "us",
        "first date": "15-10-2023",
        "currency": "USD",
        "currency symbol": "$",
        "regions": {
            "Alabama": "AL",
            "Alaska": "AK",
            "Arizona": "AZ",
            "Arkansas": "AR",
            "California": "CA",
            "Colorado": "CO",
            "Connecticut": "CT",
            "Delaware": "DE",
            "Florida": "FL",
            "Georgia": "GA",
            "Hawaii": "HI",
            "Idaho": "ID",
            "Illinois": "IL",
            "Indiana": "IN",
            "Iowa": "IA",
            "Kansas": "KS",
            "Kentucky": "KY",
            "Louisiana": "LA",
            "Maine": "ME",
            "Maryland": "MD",
            "Massachusetts": "MA",
            "Michigan": "MI",
            "Minnesota": "MN",
            "Mississippi": "MS",
            "Missouri": "MO",
            "Montana": "MT",
            "Nebraska": "NE",
            "Nevada": "NV",
            "New Hampshire": "NH",
            "New Jersey": "NJ",
            "New Mexico": "NM",
            "New York": "NY",
            "North Carolina": "NC",
            "North Dakota": "ND",
            "Ohio": "OH",
            "Oklahoma": "OK",
            "Oregon": "OR",
            "Pennsylvania": "PA",
            "Rhode Island": "RI",
            "South Carolina": "SC",
            "South Dakota": "SD",
            "Tennessee": "TN",
            "Texas": "TX",
            "Utah": "UT",
            "Vermont": "VT",
            "Virginia": "VA",
            "Washington": "WA",
            "West Virginia": "WV",
            "Wisconsin": "WI",
            "Wyoming": "WY",
            "Washington, District of Columbia": "DC",
            "American Samoa": "AS",
            "Guam": "GU",
            "Northern Mariana Islands": "MP",
            "Puerto Rico": "PR",
            "United States Minor Outlying Islands": "UM",
            "U.S. Virgin Islands": "VI"
        }
    }
]